{
  "price_vs_7day": 0.165344700217247,
  "trend_strength": 0.1085081622004509,
  "price_position": 0.12733237445354462,
  "roc_10": 0.11739756911993027,
  "volatility_7": 0.140487402677536,
  "sector_encoded": 0.13778692483901978,
  "volume_ratio": 0.10188347846269608,
  "daily_range": 0.10125931352376938
}