{
  "price_vs_7day": 0.1482528838142048,
  "trend_strength": 0.17261717750843483,
  "price_position": 0.16049657600446443,
  "roc_10": 0.2143598827679829,
  "volatility_7": 0.304273479904913
}