{
  "price_vs_7day": 0.1518697635117137,
  "trend_strength": 0.17188920275351496,
  "price_position": 0.16911340897905836,
  "roc_10": 0.20759816000678022,
  "volatility_7": 0.2995294647489329
}