{
  "price_vs_7day": 0.15103246802505166,
  "trend_strength": 0.17678086548496935,
  "price_position": 0.1578672604711726,
  "roc_10": 0.2140493739881772,
  "volatility_7": 0.3002700320306293
}